{
  "name": "paper_style_20f_5n",
  "F": 20,
  "C": 30,
  "in_dead": 20,
  "in_mono": 7,
  "in_duo": 2,
  "in_poly": 1,
  "out_dead": 23,
  "out_mono": 0,
  "out_duo": 3,
  "out_poly": 4,
  "alive_both": 2,
  "aligned_both": 0,
  "joint_mono": 0,
  "joint_features_covered": 0,
  "mse_full": 4.56891575595364e-06,
  "mse_scrub": 0.004538446199148893,
  "mse_antiscrub": 0.006207565311342478,
  "anti_over_scrub": 1.3677732507893559
}