{
  "name": "plain_100f_10n",
  "F": 100,
  "C": 130,
  "in_dead": 105,
  "in_mono": 3,
  "in_duo": 5,
  "in_poly": 17,
  "out_dead": 120,
  "out_mono": 0,
  "out_duo": 0,
  "out_poly": 10,
  "alive_both": 0,
  "aligned_both": 0,
  "joint_mono": 0,
  "joint_features_covered": 0,
  "mse_full": 1.2981668987777084e-05,
  "mse_scrub": 0.005150562152266502,
  "mse_antiscrub": 0.001465650973841548,
  "anti_over_scrub": 0.2845613605879096
}