{
  "name": "embed_20f_5n_D80",
  "F": 20,
  "C": 30,
  "in_dead": 25,
  "in_mono": 0,
  "in_duo": 0,
  "in_poly": 5,
  "out_dead": 25,
  "out_mono": 0,
  "out_duo": 0,
  "out_poly": 5,
  "alive_both": 0,
  "aligned_both": 0,
  "joint_mono": 0,
  "joint_features_covered": 0,
  "mse_full": 4.810586688108742e-06,
  "mse_scrub": 0.007774141151458025,
  "mse_antiscrub": 0.003075159154832363,
  "anti_over_scrub": 0.3955625573193539
}