{
  "name": "plain_20f_5n",
  "F": 20,
  "C": 30,
  "dead": 0,
  "mono": 1,
  "duo": 8,
  "poly": 21,
  "mono_features_covered": 1,
  "in_mono": 0,
  "in_features_read": 0,
  "out_mono": 0,
  "out_features_written": 0,
  "n_alive_both": 0,
  "n_in_out_aligned": 0,
  "mse_all_components": 0.00022559984063263983,
  "mse_scrubbed_mean": 0.007567443884909153,
  "mse_antiscrubbed_mean": 0.0029623585287481546,
  "mse_ratio_anti_over_scrub": 0.39146092534065247
}