{
  "name": "plain_20f_2n",
  "F": 20,
  "C": 30,
  "dead": 0,
  "mono": 1,
  "duo": 0,
  "poly": 29,
  "mono_features_covered": 1,
  "in_mono": 0,
  "in_features_read": 0,
  "out_mono": 0,
  "out_features_written": 0,
  "n_alive_both": 0,
  "n_in_out_aligned": 0,
  "mse_all_components": 0.00020538289390970021,
  "mse_scrubbed_mean": 0.008326323702931404,
  "mse_antiscrubbed_mean": 0.0016222167760133743,
  "mse_ratio_anti_over_scrub": 0.19482989609241486
}