{
  "name": "plain_20f_5n",
  "F": 20,
  "C": 30,
  "in_dead": 17,
  "in_mono": 2,
  "in_duo": 1,
  "in_poly": 10,
  "out_dead": 25,
  "out_mono": 0,
  "out_duo": 0,
  "out_poly": 5,
  "alive_both": 2,
  "aligned_both": 0,
  "joint_mono": 0,
  "joint_features_covered": 0,
  "mse_full": 3.854865553876152e-06,
  "mse_scrub": 0.00784284621477127,
  "mse_antiscrub": 0.004036606755107641,
  "anti_over_scrub": 0.5146864600640859
}