{
  "name": "plain_20f_2n",
  "F": 20,
  "C": 30,
  "in_dead": 25,
  "in_mono": 0,
  "in_duo": 1,
  "in_poly": 4,
  "out_dead": 28,
  "out_mono": 0,
  "out_duo": 0,
  "out_poly": 2,
  "alive_both": 0,
  "aligned_both": 0,
  "joint_mono": 0,
  "joint_features_covered": 0,
  "mse_full": 1.8102468857250642e-06,
  "mse_scrub": 0.008144800551235676,
  "mse_antiscrub": 0.00335765746422112,
  "anti_over_scrub": 0.41224551087524397
}