{
  "name": "embed_20f_2n_D40",
  "F": 20,
  "C": 30,
  "in_dead": 28,
  "in_mono": 0,
  "in_duo": 0,
  "in_poly": 2,
  "out_dead": 28,
  "out_mono": 0,
  "out_duo": 0,
  "out_poly": 2,
  "alive_both": 0,
  "aligned_both": 0,
  "joint_mono": 0,
  "joint_features_covered": 0,
  "mse_full": 1.4188315162755316e-06,
  "mse_scrub": 0.008089604787528515,
  "mse_antiscrub": 0.0036196198780089617,
  "anti_over_scrub": 0.44744087913778113
}